Ligand,Binding Affinity,rmsd/ub, rmsd/lb
Model_CYFIP2_WT_DOPE___-160988.06250_minimized_DX2,-8.0,0.0,0.0
Model_CYFIP2_WT_DOPE___-160988.06250_minimized_DX2,-7.9,6.619,2.133
Model_CYFIP2_WT_DOPE___-160988.06250_minimized_DX2,-6.8,3.327,2.152
Model_CYFIP2_WT_DOPE___-160988.06250_minimized_DX2,-6.8,10.663,8.935
Model_CYFIP2_WT_DOPE___-160988.06250_minimized_DX2,-6.7,10.051,8.229
Model_CYFIP2_WT_DOPE___-160988.06250_minimized_DX2,-6.3,3.748,2.022
Model_CYFIP2_WT_DOPE___-160988.06250_minimized_DX2,-6.1,12.774,9.613
Model_CYFIP2_WT_DOPE___-160988.06250_minimized_DX2,-6.1,9.396,7.866
Model_CYFIP2_WT_DOPE___-160988.06250_minimized_DX2,-6.1,11.625,9.894
Model_CYFIP2_WT_DOPE___-160988.06250_minimized_EF2,-8.7,0.0,0.0
Model_CYFIP2_WT_DOPE___-160988.06250_minimized_EF2,-8.7,2.012,0.203
Model_CYFIP2_WT_DOPE___-160988.06250_minimized_EF2,-7.3,10.199,9.018
Model_CYFIP2_WT_DOPE___-160988.06250_minimized_EF2,-7.2,9.993,8.981
Model_CYFIP2_WT_DOPE___-160988.06250_minimized_EF2,-6.7,12.493,10.981
Model_CYFIP2_WT_DOPE___-160988.06250_minimized_EF2,-6.4,12.222,10.816
Model_CYFIP2_WT_DOPE___-160988.06250_minimized_EF2,-6.2,13.148,11.286
Model_CYFIP2_WT_DOPE___-160988.06250_minimized_EF2,-6.2,9.799,8.86
Model_CYFIP2_WT_DOPE___-160988.06250_minimized_EF2,-6.1,10.985,8.82
Model_CYFIP2_WT_DOPE___-160988.06250_minimized_FVX,-6.4,0.0,0.0
Model_CYFIP2_WT_DOPE___-160988.06250_minimized_FVX,-6.3,2.027,1.349
Model_CYFIP2_WT_DOPE___-160988.06250_minimized_FVX,-6.1,8.82,7.554
Model_CYFIP2_WT_DOPE___-160988.06250_minimized_FVX,-5.7,9.098,7.864
Model_CYFIP2_WT_DOPE___-160988.06250_minimized_FVX,-5.6,4.958,3.101
Model_CYFIP2_WT_DOPE___-160988.06250_minimized_FVX,-5.5,11.183,9.275
Model_CYFIP2_WT_DOPE___-160988.06250_minimized_FVX,-5.4,6.366,4.204
Model_CYFIP2_WT_DOPE___-160988.06250_minimized_FVX,-5.4,4.753,3.1
Model_CYFIP2_WT_DOPE___-160988.06250_minimized_FVX,-5.4,5.051,3.375
Model_CYFIP2_WT_DOPE___-160988.06250_minimized_GM4,-7.2,0.0,0.0
Model_CYFIP2_WT_DOPE___-160988.06250_minimized_GM4,-6.7,3.548,2.506
Model_CYFIP2_WT_DOPE___-160988.06250_minimized_GM4,-6.7,6.875,3.492
Model_CYFIP2_WT_DOPE___-160988.06250_minimized_GM4,-6.4,6.999,3.559
Model_CYFIP2_WT_DOPE___-160988.06250_minimized_GM4,-6.2,6.358,3.002
Model_CYFIP2_WT_DOPE___-160988.06250_minimized_GM4,-6.1,2.16,1.498
Model_CYFIP2_WT_DOPE___-160988.06250_minimized_GM4,-6.1,4.876,2.037
Model_CYFIP2_WT_DOPE___-160988.06250_minimized_GM4,-5.7,6.57,4.148
Model_CYFIP2_WT_DOPE___-160988.06250_minimized_GM4,-5.7,5.535,3.069
Model_CYFIP2_WT_DOPE___-160988.06250_minimized_GMJ,-7.6,0.0,0.0
Model_CYFIP2_WT_DOPE___-160988.06250_minimized_GMJ,-7.5,2.352,1.782
Model_CYFIP2_WT_DOPE___-160988.06250_minimized_GMJ,-7.3,6.648,5.23
Model_CYFIP2_WT_DOPE___-160988.06250_minimized_GMJ,-7.3,4.991,3.135
Model_CYFIP2_WT_DOPE___-160988.06250_minimized_GMJ,-7.3,9.258,5.542
Model_CYFIP2_WT_DOPE___-160988.06250_minimized_GMJ,-7.2,3.154,2.213
Model_CYFIP2_WT_DOPE___-160988.06250_minimized_GMJ,-7.1,2.983,2.257
Model_CYFIP2_WT_DOPE___-160988.06250_minimized_GMJ,-7.1,9.828,4.944
Model_CYFIP2_WT_DOPE___-160988.06250_minimized_GMJ,-7.1,10.255,5.136
Model_CYFIP2_WT_DOPE___-160988.06250_minimized_H8J,-7.3,0.0,0.0
Model_CYFIP2_WT_DOPE___-160988.06250_minimized_H8J,-6.9,8.421,6.155
Model_CYFIP2_WT_DOPE___-160988.06250_minimized_H8J,-6.6,2.158,1.706
Model_CYFIP2_WT_DOPE___-160988.06250_minimized_H8J,-6.4,6.89,5.153
Model_CYFIP2_WT_DOPE___-160988.06250_minimized_H8J,-6.3,6.119,3.848
Model_CYFIP2_WT_DOPE___-160988.06250_minimized_H8J,-6.3,9.148,7.158
Model_CYFIP2_WT_DOPE___-160988.06250_minimized_H8J,-6.3,10.406,8.075
Model_CYFIP2_WT_DOPE___-160988.06250_minimized_H8J,-6.2,9.394,7.329
Model_CYFIP2_WT_DOPE___-160988.06250_minimized_H8J,-6.2,7.285,5.326
Model_CYFIP2_WT_DOPE___-160988.06250_minimized_ID8,-8.2,0.0,0.0
Model_CYFIP2_WT_DOPE___-160988.06250_minimized_ID8,-7.1,5.592,2.103
Model_CYFIP2_WT_DOPE___-160988.06250_minimized_ID8,-6.9,5.611,1.833
Model_CYFIP2_WT_DOPE___-160988.06250_minimized_ID8,-6.8,3.235,2.074
Model_CYFIP2_WT_DOPE___-160988.06250_minimized_ID8,-6.6,5.835,2.268
Model_CYFIP2_WT_DOPE___-160988.06250_minimized_ID8,-6.5,10.223,9.014
Model_CYFIP2_WT_DOPE___-160988.06250_minimized_ID8,-6.5,5.943,2.414
Model_CYFIP2_WT_DOPE___-160988.06250_minimized_ID8,-6.3,9.624,7.756
Model_CYFIP2_WT_DOPE___-160988.06250_minimized_ID8,-6.2,11.5,9.587
Model_CYFIP2_WT_DOPE___-160988.06250_minimized_IL2,-7.0,0.0,0.0
Model_CYFIP2_WT_DOPE___-160988.06250_minimized_IL2,-6.8,4.583,2.652
Model_CYFIP2_WT_DOPE___-160988.06250_minimized_IL2,-6.6,7.71,3.441
Model_CYFIP2_WT_DOPE___-160988.06250_minimized_IL2,-6.5,4.613,2.612
Model_CYFIP2_WT_DOPE___-160988.06250_minimized_IL2,-6.4,4.392,2.567
Model_CYFIP2_WT_DOPE___-160988.06250_minimized_IL2,-6.4,9.613,5.513
Model_CYFIP2_WT_DOPE___-160988.06250_minimized_IL2,-6.2,7.355,4.471
Model_CYFIP2_WT_DOPE___-160988.06250_minimized_IL2,-6.2,7.249,4.405
Model_CYFIP2_WT_DOPE___-160988.06250_minimized_IL2,-6.1,7.858,5.285
Model_CYFIP2_WT_DOPE___-160988.06250_minimized_IXX,-6.0,0.0,0.0
Model_CYFIP2_WT_DOPE___-160988.06250_minimized_IXX,-6.0,5.177,2.385
Model_CYFIP2_WT_DOPE___-160988.06250_minimized_IXX,-5.9,4.75,2.428
Model_CYFIP2_WT_DOPE___-160988.06250_minimized_IXX,-5.8,5.143,2.391
Model_CYFIP2_WT_DOPE___-160988.06250_minimized_IXX,-5.7,5.263,2.042
Model_CYFIP2_WT_DOPE___-160988.06250_minimized_IXX,-5.7,5.358,2.609
Model_CYFIP2_WT_DOPE___-160988.06250_minimized_IXX,-5.6,4.643,2.285
Model_CYFIP2_WT_DOPE___-160988.06250_minimized_IXX,-5.5,4.701,1.678
Model_CYFIP2_WT_DOPE___-160988.06250_minimized_IXX,-5.5,6.118,3.328
Model_CYFIP2_WT_DOPE___-160988.06250_minimized_LQZ,-5.7,0.0,0.0
Model_CYFIP2_WT_DOPE___-160988.06250_minimized_LQZ,-5.7,2.667,1.261
Model_CYFIP2_WT_DOPE___-160988.06250_minimized_LQZ,-5.6,9.761,6.654
Model_CYFIP2_WT_DOPE___-160988.06250_minimized_LQZ,-5.5,9.823,6.645
Model_CYFIP2_WT_DOPE___-160988.06250_minimized_LQZ,-5.4,10.185,7.094
Model_CYFIP2_WT_DOPE___-160988.06250_minimized_LQZ,-5.2,6.019,2.364
Model_CYFIP2_WT_DOPE___-160988.06250_minimized_LQZ,-4.9,9.755,7.876
Model_CYFIP2_WT_DOPE___-160988.06250_minimized_LQZ,-4.9,2.587,1.506
Model_CYFIP2_WT_DOPE___-160988.06250_minimized_LQZ,-4.7,12.391,10.015
Model_CYFIP2_WT_DOPE___-160988.06250_minimized_NPS,-7.3,0.0,0.0
Model_CYFIP2_WT_DOPE___-160988.06250_minimized_NPS,-6.5,5.77,2.156
Model_CYFIP2_WT_DOPE___-160988.06250_minimized_NPS,-6.5,9.429,8.205
Model_CYFIP2_WT_DOPE___-160988.06250_minimized_NPS,-6.2,11.541,10.364
Model_CYFIP2_WT_DOPE___-160988.06250_minimized_NPS,-5.9,10.263,8.9
Model_CYFIP2_WT_DOPE___-160988.06250_minimized_NPS,-5.8,6.226,1.898
Model_CYFIP2_WT_DOPE___-160988.06250_minimized_NPS,-5.7,2.879,1.798
Model_CYFIP2_WT_DOPE___-160988.06250_minimized_NPS,-5.7,11.314,8.978
Model_CYFIP2_WT_DOPE___-160988.06250_minimized_NPS,-5.7,10.152,7.873
Model_CYFIP2_WT_DOPE___-160988.06250_minimized_P1B,-7.7,0.0,0.0
Model_CYFIP2_WT_DOPE___-160988.06250_minimized_P1B,-7.7,2.064,1.263
Model_CYFIP2_WT_DOPE___-160988.06250_minimized_P1B,-7.1,7.298,3.541
Model_CYFIP2_WT_DOPE___-160988.06250_minimized_P1B,-7.0,7.71,4.021
Model_CYFIP2_WT_DOPE___-160988.06250_minimized_P1B,-6.6,2.239,1.332
Model_CYFIP2_WT_DOPE___-160988.06250_minimized_P1B,-6.6,5.816,4.145
Model_CYFIP2_WT_DOPE___-160988.06250_minimized_P1B,-6.5,7.426,3.72
Model_CYFIP2_WT_DOPE___-160988.06250_minimized_P1B,-6.3,7.77,4.231
Model_CYFIP2_WT_DOPE___-160988.06250_minimized_P1B,-6.3,8.395,5.883
Model_CYFIP2_WT_DOPE___-160988.06250_minimized_QDN,-7.0,0.0,0.0
Model_CYFIP2_WT_DOPE___-160988.06250_minimized_QDN,-6.8,7.131,3.045
Model_CYFIP2_WT_DOPE___-160988.06250_minimized_QDN,-6.5,10.457,6.012
Model_CYFIP2_WT_DOPE___-160988.06250_minimized_QDN,-6.4,6.526,2.599
Model_CYFIP2_WT_DOPE___-160988.06250_minimized_QDN,-6.4,2.451,1.639
Model_CYFIP2_WT_DOPE___-160988.06250_minimized_QDN,-6.2,4.522,2.756
Model_CYFIP2_WT_DOPE___-160988.06250_minimized_QDN,-6.0,10.416,5.74
Model_CYFIP2_WT_DOPE___-160988.06250_minimized_QDN,-5.9,6.161,2.104
Model_CYFIP2_WT_DOPE___-160988.06250_minimized_QDN,-5.9,6.459,2.708
Model_CYFIP2_WT_DOPE___-160988.06250_minimized_QI9,-6.8,0.0,0.0
Model_CYFIP2_WT_DOPE___-160988.06250_minimized_QI9,-6.4,2.352,1.56
Model_CYFIP2_WT_DOPE___-160988.06250_minimized_QI9,-6.4,11.924,8.462
Model_CYFIP2_WT_DOPE___-160988.06250_minimized_QI9,-6.3,12.9,9.525
Model_CYFIP2_WT_DOPE___-160988.06250_minimized_QI9,-6.2,9.203,5.75
Model_CYFIP2_WT_DOPE___-160988.06250_minimized_QI9,-6.2,7.354,4.093
Model_CYFIP2_WT_DOPE___-160988.06250_minimized_QI9,-6.2,10.758,7.724
Model_CYFIP2_WT_DOPE___-160988.06250_minimized_QI9,-6.1,6.726,1.94
Model_CYFIP2_WT_DOPE___-160988.06250_minimized_QI9,-6.1,9.55,6.679
Model_CYFIP2_WT_DOPE___-160988.06250_minimized_RCX,-7.1,0.0,0.0
Model_CYFIP2_WT_DOPE___-160988.06250_minimized_RCX,-7.0,2.078,1.494
Model_CYFIP2_WT_DOPE___-160988.06250_minimized_RCX,-6.9,5.99,3.084
Model_CYFIP2_WT_DOPE___-160988.06250_minimized_RCX,-6.8,6.367,3.206
Model_CYFIP2_WT_DOPE___-160988.06250_minimized_RCX,-6.6,11.103,7.758
Model_CYFIP2_WT_DOPE___-160988.06250_minimized_RCX,-6.5,7.903,5.363
Model_CYFIP2_WT_DOPE___-160988.06250_minimized_RCX,-6.3,6.487,2.519
Model_CYFIP2_WT_DOPE___-160988.06250_minimized_RCX,-6.3,9.228,6.458
Model_CYFIP2_WT_DOPE___-160988.06250_minimized_RCX,-6.3,7.998,5.184
Model_CYFIP2_WT_DOPE___-160988.06250_minimized_RFX,-7.0,0.0,0.0
Model_CYFIP2_WT_DOPE___-160988.06250_minimized_RFX,-6.9,10.082,8.317
Model_CYFIP2_WT_DOPE___-160988.06250_minimized_RFX,-6.6,3.907,2.611
Model_CYFIP2_WT_DOPE___-160988.06250_minimized_RFX,-6.4,11.544,9.176
Model_CYFIP2_WT_DOPE___-160988.06250_minimized_RFX,-6.4,11.514,9.17
Model_CYFIP2_WT_DOPE___-160988.06250_minimized_RFX,-6.2,11.701,9.439
Model_CYFIP2_WT_DOPE___-160988.06250_minimized_RFX,-6.2,10.219,7.912
Model_CYFIP2_WT_DOPE___-160988.06250_minimized_RFX,-6.1,10.613,8.325
Model_CYFIP2_WT_DOPE___-160988.06250_minimized_RFX,-6.1,10.079,8.224
Model_CYFIP2_WT_DOPE___-160988.06250_minimized_RTZ,-6.6,0.0,0.0
Model_CYFIP2_WT_DOPE___-160988.06250_minimized_RTZ,-6.5,5.119,2.898
Model_CYFIP2_WT_DOPE___-160988.06250_minimized_RTZ,-6.4,5.922,2.24
Model_CYFIP2_WT_DOPE___-160988.06250_minimized_RTZ,-6.4,5.364,2.297
Model_CYFIP2_WT_DOPE___-160988.06250_minimized_RTZ,-6.3,7.231,4.553
Model_CYFIP2_WT_DOPE___-160988.06250_minimized_RTZ,-6.2,6.205,2.25
Model_CYFIP2_WT_DOPE___-160988.06250_minimized_RTZ,-6.2,6.777,3.034
Model_CYFIP2_WT_DOPE___-160988.06250_minimized_RTZ,-6.2,6.485,2.141
Model_CYFIP2_WT_DOPE___-160988.06250_minimized_RTZ,-6.1,4.744,2.861
